{
  "forward_backward": {
    "ari": 1.0,
    "nmi": 1.0,
    "aligned_accuracy": 1.0,
    "log_likelihood": -815.4951655083412
  },
  "gibbs": {
    "ari": 0.990579231686247,
    "nmi": 0.9829515434071538,
    "aligned_accuracy": 0.9966666666666667,
    "posterior_mean_pi": [
      0.2460490603290909,
      0.5095081575809874,
      0.24444278208992185
    ],
    "posterior_mean_A": [
      [
        0.8387471110538668,
        0.10646367977222398,
        0.054789209173909115
      ],
      [
        0.09572433785781718,
        0.7783560841186363,
        0.12591957802354692
      ],
      [
        0.0806610329616438,
        0.19535189531193498,
        0.7239870717264211
      ]
    ]
  }
}